Continent,Android,Year
India,95.78,2021
United States of America,42.48,2021
Turkey,85.49,2021
Indonesia,91.14,2021
China,78.03,2021
Taiwan,46.92,2021
Pakistan,94.39,2021
Poland,93.33,2021
Malaysia,74.57,2021
United Kingdom,49.72,2021
Brazil,86.24,2021
South Africa,84.09,2021
Thailand,71.56,2021
Germany,66.8,2021
Mexico,80.32,2021
South Korea,71.92,2021
Spain,78.16,2021
Egypt,78.06,2021
Nepal,93.04,2021
Iran,93.03,2021
Singapore,72.99,2021
Bangladesh,95.47,2021
France,68.29,2021
Canada,46.46,2021
Italy,76.81,2021
Argentina,91.82,2021
Philippines,88.09,2021
Australia,42.53,2021
Nigeria,86.2,2021
Netherlands,61.66,2021
Japan,32.02,2021
Russia,79.78,2021
Hong Kong,50.69,2021
Romania,79.95,2021
Colombia,89.79,2021
Sri Lanka,91.76,2021
Chile,85.86,2021
Saudi Arabia,55.09,2021
Vietnam,64.65,2021
Hungary,78.46,2021
Morocco,72.52,2021
Bulgaria,84.63,2021
Greece,81.06,2021
Sweden,46.02,2021
Israel,76.41,2021
Serbia,80.93,2021
Peru,92.17,2021
United Arab Emirates,73.13,2021
Ukraine,84.4,2021
Kenya,88.99,2021
Ireland,50.35,2021
Algeria,95.43,2021
Iraq,78.13,2021
Belgium,60.6,2021
Czechia,77.6,2021
Portugal,73.96,2021
New Zealand,54.09,2021
Tunisia,94.82,2021
Latvia,79.57,2021
Ecuador,87.41,2021
Croatia,83.19,2021
Norway,41.56,2021
Qatar,78.29,2021
Venezuela,92.73,2021
Austria,64.7,2021
Switzerland,45.78,2021
Ghana,78.83,2021
Azerbaijan,85.08,2021
Guatemala,86.51,2021
Senegal,80.3,2021
Albania,54.3,2021
Paraguay,93.48,2021
Jordan,85.12,2021
Denmark,40.77,2021
Finland,68.25,2021
Bolivia,94.77,2021
Tanzania,63.96,2021
Slovakia,77.01,2021
Bosnia and Herzegovina,89.57,2021
Kuwait,57.47,2021
Macedonia,79.83,2021
Oman,77.31,2021
Costa Rica,80.49,2021
Syria,95.85,2021
Myanmar,84.21,2021
Georgia,72.09,2021
Dominican Rep.,70.17,2021
Sudan,92.59,2021
S. Sudan,92.59,2021
Panama,83.03,2021
Libya,89.89,2021
Lebanon,78.46,2021
Uzbekistan,90.83,2021
El Salvador,88.64,2021
Ethiopia,88.96,2021
Cyprus,73.45,2021
Lithuania,71.9,2021
Kazakhstan,78.26,2021
Yemen,95.67,2021
Uruguay,85.53,2021
Cambodia,50.73,2021
Palestine,87.56,2021
Belarus,84.51,2021
Slovenia,78.65,2021
Macao,32.53,2021
Honduras,83.53,2021
Zambia,87.72,2021
Cuba,90.48,2021
Mozambique,86.7,2021
Cameroon,86.28,2021
Uganda,75.82,2021
Montenegro,82.19,2021
Bahrain,70.63,2021
Mauritius,90.13,2021
Trinidad and Tobago,80.26,2021
Nicaragua,90.35,2021
Jamaica,74.83,2021
Dem. Rep. Congo,81.17,2021
Puerto Rico,54.58,2021
Angola,82.69,2021
Zimbabwe,84.92,2021
Haiti,87.83,2021
Côte d'Ivoire,74.86,2021
Mongolia,68.31,2021
Brunei Darussalam,74.11,2021
Namibia,89.92,2021
Laos,80.4,2021
Maldives,70.56,2021
Moldova,80.14,2021
Bhutan,88.39,2021
Bahamas,62.46,2021
Somalia,89.99,2021
Afghanistan,89.15,2021
Estonia,65.37,2021
Mali,86.04,2021
Guinea,84.12,2021
Luxembourg,58.6,2021
Armenia,71.22,2021
Botswana,90.58,2021
Burkina Faso,90.73,2021
Rwanda,75.16,2021
Benin,87.59,2021
Malta,68.46,2021
Kyrgyz Republic,86.66,2021
Mauritania,88.76,2021
Fiji,91.53,2021
Malawi,87.77,2021
Reunion,70.43,2021
Togo,88.33,2021
Suriname,82.94,2021
Iceland,50.64,2021
Gabon,86.5,2021
Papua New Guinea,95.76,2021
Niger,93.18,2021
Madagascar,85.46,2021
Timor-Leste,95.79,2021
Guyana,82.67,2021
Congo,83.64,2021
Sierra Leone,79.85,2021
Lesotho,95.38,2021
Barbados,76.72,2021
Eritrea,87.91,2021
eSwatini,93.6,2021
Guadeloupe,69.85,2021
Belize,76.17,2021
Saint Lucia,79.73,2021
Martinique,71.73,2021
Liberia,81.96,2021
Gambia,81.21,2021
Aruba,55.98,2021
Chad,92.82,2021
Antigua and Barbuda,76.28,2021
Cape Verde,85.55,2021
Jersey,31.83,2021
Guam,47.09,2021
Tajikistan,88.06,2021
Isle of Man,43.25,2021
Djibouti,90.33,2021
Seychelles,85.57,2021
Turkmenistan,91.11,2021
French Polynesia,65.05,2021
French Guiana,74.84,2021
New Caledonia,72.71,2021
Burundi,78.39,2021
Guernsey,38.4,2021
Bermuda,35.61,2021
Cayman Islands,45.6,2021
Guinea-Bissau,94.13,2021
Grenada,79.51,2021
Andorra,64.8,2021
Solomon Islands,90.64,2021
Saint Vincent and the Grenadines,83.94,2021
Comoros,92.73,2021
Anguilla,72.21,2021
Saint Kitts and Nevis,72.43,2021
Samoa,91.02,2021
Eq. Guinea,81.72,2021
Vanuatu,87.76,2021
Dominica,87.05,2021
Cook Islands,70.56,2021
American Samoa,71.18,2021
Faroe Islands,39.72,2021
Central African Rep.,90.76,2021
Northern Mariana Islands,66.06,2021
Gibraltar,47.16,2021
Turks and Caicos Islands,41.09,2021
Monaco,35.22,2021
British Virgin Islands,62.58,2021
Tonga,83.87,2021
Palau,73.25,2021
Greenland,47.84,2021
Mayotte,73.87,2021
Liechtenstein,41.09,2021
San Marino,74.32,2021
Micronesia,77.18,2021
Sao Tome and Principe,81.03,2021
Kiribati,98.01,2021
Nauru,92,2021
Marshall Islands,67.98,2021
Falkland Is.,74.43,2021
Saint Martin,53.81,2021
Saint Pierre and Miquelon,49.12,2021
Tuvalu,96.32,2021
Montserrat,77.82,2021
Niue,97.06,2021
Bouvet Island (Bouvetoya),95.43,2021
Wallis and Futuna,79.35,2021
Holy See (Vatican City State),54.21,2021
Norfolk Island,57.59,2021
Saint Barthelemy,12.92,2021
W. Sahara ,96.3,2021
Saint Helena,97.02,2021
Tokelau,89.21,2021
North Korea,75,2021
Svalbard & Jan Mayen Islands,84.79,2021
Christmas Island,100,2021
Pitcairn Islands,100,2021
South Georgia and the South Sandwich Islands,100,2021
India,90.34,2019
United States of America,43.26,2019
Turkey,82.6,2019
Indonesia,92.9,2019
Poland,95.7,2019
Thailand,77.8,2019
Pakistan,92.2,2019
Spain,79.13,2019
China,72.79,2019
Germany,69.58,2019
United Kingdom,48.46,2019
Bangladesh,94.75,2019
Mexico,80.91,2019
Argentina,90.71,2019
Taiwan,45.43,2019
South Korea,66.48,2019
Brazil,84.68,2019
Malaysia,77.57,2019
France,67.21,2019
Italy,73.77,2019
South Africa,81.86,2019
Canada,43.31,2019
Egypt,89.25,2019
Philippines,81.91,2019
Australia,41.36,2019
Saudi Arabia,70.95,2019
Netherlands,60.4,2019
Greece,83.97,2019
Romania,80.93,2019
Nepal,93.18,2019
Iran,87.87,2019
Singapore,57.87,2019
Colombia,82.84,2019
Nigeria,78.69,2019
Japan,24.4,2019
Russia,71.38,2019
United Arab Emirates,78.48,2019
Bosnia and Herzegovina,90.6,2019
Hungary,77.68,2019
Serbia,88.33,2019
Sweden,41.72,2019
Chile,81.91,2019
Israel,77.77,2019
Iraq,79.44,2019
Bulgaria,84.96,2019
Sri Lanka,88.73,2019
Morocco,87.02,2019
Hong Kong,44.2,2019
Algeria,95.81,2019
Ghana,81.22,2019
Peru,87.99,2019
Myanmar,91.06,2019
Ireland,52.16,2019
Belgium,63.07,2019
Kenya,81.04,2019
Portugal,74.32,2019
Austria,68.88,2019
Oman,88.26,2019
Paraguay,95.19,2019
Ukraine,77,2019
Vietnam,59.41,2019
Norway,52.74,2019
Yemen,94.21,2019
Jordan,84.46,2019
Switzerland,46.38,2019
Qatar,82.11,2019
Croatia,85.04,2019
Denmark,41.9,2019
Kuwait,70.4,2019
Azerbaijan,84.7,2019
Czechia,76.78,2019
Ecuador,83.68,2019
New Zealand,50.61,2019
Guatemala,86.54,2019
Venezuela,85.22,2019
Finland,70.43,2019
Senegal,84.81,2019
Albania,65.03,2019
Bolivia,93.26,2019
Syria,96.85,2019
Slovakia,79.78,2019
Moldova,88.55,2019
Dominican Rep.,76.89,2019
Tunisia,90.35,2019
Lebanon,77.91,2019
Uruguay,82.18,2019
Costa Rica,78,2019
Ethiopia,86.42,2019
Belarus,85.98,2019
Puerto Rico,68.3,2019
Lithuania,79.42,2019
Macedonia,84.61,2019
Tanzania,80.03,2019
Laos,75.11,2019
Madagascar,46.86,2019
El Salvador,88.72,2019
Slovenia,80.68,2019
Libya,93.56,2019
Kazakhstan,77.39,2019
Panama,80.6,2019
Georgia,80.18,2019
Cyprus,77.78,2019
Palestine,89.23,2019
Côte d'Ivoire,77.07,2019
Sudan,86.96,2019
Bahrain,78.21,2019
Mozambique,77.1,2019
Zambia,82.92,2019
Montenegro,85.38,2019
Cameroon,81.82,2019
Honduras,84.84,2019
Afghanistan,93.57,2019
Uzbekistan,85.26,2019
Zimbabwe,84.35,2019
Haiti,90.12,2019
Nicaragua,88.51,2019
Dem. Rep. Congo,72.6,2019
Jamaica,77.84,2019
Trinidad and Tobago,79.23,2019
Latvia,72.68,2019
Cambodia,61.39,2019
Mauritius,87.84,2019
Macao,24.2,2019
Mali,78.13,2019
Uganda,71.4,2019
Somalia,92.43,2019
Guinea,67.3,2019
Angola,81.41,2019
Estonia,66.15,2019
Maldives,75.25,2019
Burkina Faso,76.35,2019
Bahamas,66.66,2019
Brunei Darussalam,77.53,2019
Malta,72.89,2019
Armenia,72.96,2019
Faroe Islands,39.01,2019
Mauritania,88.51,2019
Mongolia,74.3,2019
Luxembourg,51.36,2019
Reunion,77.16,2019
Kyrgyz Republic,86.75,2019
Namibia,86.01,2019
Benin,76.42,2019
Niger,91.84,2019
Rwanda,80.93,2019
Cuba,87.23,2019
Iceland,56.39,2019
Gabon,87.62,2019
Togo,87.07,2019
Fiji,82.2,2019
Aruba,64.07,2019
Papua New Guinea,92.86,2019
Guyana,84.29,2019
Martinique,77.98,2019
Malawi,76.9,2019
Botswana,85.12,2019
Barbados,75.32,2019
Suriname,84.05,2019
Liberia,88.14,2019
Lesotho,89.67,2019
Tajikistan,89,2019
Guadeloupe,72.97,2019
Sierra Leone,70.36,2019
eSwatini,90.73,2019
Bhutan,89.05,2019
Turkmenistan,92.55,2019
Congo,82.49,2019
Gambia,80.77,2019
Saint Lucia,84.83,2019
Guam,49.26,2019
Timor-Leste,95.59,2019
Belize,74.28,2019
Cape Verde,80.62,2019
French Guiana,82.17,2019
Jersey,33.05,2019
Grenada,80.65,2019
Seychelles,84.5,2019
Djibouti,89.64,2019
Burundi,58.02,2019
Bermuda,48.13,2019
Antigua and Barbuda,73.41,2019
Isle of Man,39.32,2019
Andorra,62.22,2019
French Polynesia,69.13,2019
New Caledonia,70.2,2019
Guernsey,31.56,2019
Dominica,88.99,2019
Cayman Islands,49.16,2019
Saint Vincent and the Grenadines,81.4,2019
Solomon Islands,79.81,2019
Central African Rep.,90.96,2019
Chad,68,2019
Comoros,94.72,2019
Guinea-Bissau,83.14,2019
Greenland,65.43,2019
Saint Kitts and Nevis,69.71,2019
Gibraltar,43.12,2019
Eq. Guinea,89.24,2019
Samoa,90.17,2019
Vanuatu,88.81,2019
Mayotte,85.54,2019
Turks and Caicos Islands,49.45,2019
Monaco,34.94,2019
Liechtenstein,42.48,2019
Sao Tome and Principe,87.63,2019
British Virgin Islands,61.12,2019
Palau,80.19,2019
American Samoa,72.93,2019
Anguilla,66.85,2019
Micronesia,80.26,2019
Kiribati,95.43,2019
Cook Islands,60.89,2019
Tonga,74.5,2019
Saint Martin,56.39,2019
San Marino,65.11,2019
Marshall Islands,69.88,2019
Northern Mariana Islands,69.62,2019
Saint Pierre and Miquelon,41.91,2019
Eritrea,93.42,2019
Montserrat,83.37,2019
Wallis and Futuna,91.7,2019
Tuvalu,96.82,2019
Falkland Is.,51.68,2019
Holy See (Vatican City State),64.19,2019
Nauru,70.92,2019
Norfolk Island,34.01,2019
W. Sahara,98.33,2019
Niue,90.09,2019
North Korea,64.8,2019
Svalbard & Jan Mayen Islands,65.96,2019
Saint Helena,74.73,2019
Saint Barthelemy ,40.94,2019
Tokelau,78.95,2019
Christmas Island,68.42,2019
Pitcairn Islands,92.86,2019
India,77.17,2017
Turkey,80.59,2017
United States of America,45.11,2017
Thailand,78.97,2017
Indonesia,78.58,2017
China,73.51,2017
Pakistan,80.74,2017
Poland,92.9,2017
Spain,78.12,2017
Mexico,80.66,2017
Argentina,87.76,2017
United Kingdom,46.44,2017
Brazil,83.59,2017
Malaysia 81.23,2017
Germany,67.17,2017
South Africa,72.21,2017
Bangladesh,74.61,2017
Canada,43.58,2017
Egypt,88.17,2017
Nigeria,67.05,2017
Italy,69.23,2017
South Korea,81.09,2017
France,62.05,2017
Philippines,75.6,2017
Taiwan,68.11,2017
Australia,40.65,2017
Saudi Arabia,65.25,2017
Netherlands,57.46,2017
Kenya,72.09,2017
Romania,79.34,2017
Colombia,86,2017
United Arab Emirates,67.33,2017
Oman,95.69,2017
Greece,82.39,2017
Sri Lanka,78.96,2017
Singapore,51.61,2017
Iran,88.18,2017
Japan,29.2,2017
Chile,82.05,2017
Iraq,74.16,2017
Hungary,78.14,2017
Russia,67.84,2017
Sweden,46.19,2017
Vietnam,51.62,2017
Bulgaria,85,2017
Israel,74.58,2017
Morocco,84.92,2017
Peru,84.7,2017
Nepal,81.87,2017
Laos,76.92,2017
Bosnia and Herzegovina,87.01,2017
Algeria,91.12,2017
Switzerland,38.76,2017
Serbia,84,2017
Belgium,59.44,2017
Kuwait,70.7,2017
Hong Kong,58.1,2017
Venezuela,78.69,2017
Ireland,56.56,2017
Austria,65.85,2017
Qatar,72.38,2017
Paraguay,91.21,2017
Jordan,86.12,2017
Croatia,78.88,2017
Tanzania,61.55,2017
Portugal,74.13,2017
Bolivia,92.56,2017
Ecuador,81.4,2017
Ghana,75.59,2017
Albania,65,2017
Guatemala,86.63,2017
Azerbaijan,76.13,2017
Denmark,48.38,2017
New Zealand,53.23,2017
Norway,44.32,2017
Dominican Rep.,82.09,2017
Tunisia,83.23,2017
Ukraine,71.42,2017
Finland,65.62,2017
Costa Rica,81.67,2017
Ethiopia,82.25,2017
Myanmar,91.12,2017
Puerto Rico,70.4,2017
Panama,86.96,2017
El Salvador,89.13,2017
Lebanon,74.92,2017
Mozambique,63.2,2017
Czechia,73.86,2017
Mali,27.46,2017
Sudan,76.49,2017
Bahrain,76.03,2017
Senegal,79.52,2017
Honduras,89.12,2017
Uruguay,79.69,2017
Palestine,88.66,2017
Yemen,89.11,2017
Slovakia,78.77,2017
Syria,87.53,2017
Macedonia,80.27,2017
Dem. Rep. Congo,60.61,2017
Uganda,52.31,2017
Zambia,53.16,2017
Côte d'Ivoire,66.25,2017
Nicaragua,87.31,2017
Cambodia,55.81,2017
Slovenia,78.14,2017
Cyprus,75.72,2017
Kazakhstan,73.07,2017
Georgia,74.51,2017
Cameroon,60.32,2017
Zimbabwe,69.69,2017
Mauritius,85.11,2017
Lithuania,78.33,2017
Jamaica,79.53,2017
Belarus,82.1,2017
Montenegro,82.47,2017
Somalia,64.38,2017
Brunei Darussalam,74.91,2017
Papua New Guinea,18.26,2017
Trinidad and Tobago,80.69,2017
Angola,80.37,2017
Libya,82.15,2017
Moldova,81,2017
Haiti,79.97,2017
Malawi,33.53,2017
Madagascar,44.93,2017
Maldives,76.16,2017
Afghanistan,83.31,2017
Namibia,77,2017
Uzbekistan,59.34,2017
Bahamas,73.62,2017
Latvia,72.99,2017
Gabon,76.17,2017
Mongolia,76.51,2017
Rwanda,64.41,2017
Estonia,69.44,2017
Malta,69.88,2017
Guinea,67.99,2017
Niger,76.32,2017
Benin,62.94,2017
Macao,39.69,2017
Reunion,76.37,2017
Burkina Faso,55.87,2017
Armenia,67.12,2017
Luxembourg,47.92,2017
Kyrgyz Republic,78.38,2017
Fiji,84.13,2017
Guyana,83.16,2017
Mauritania,87.24,2017
Faroe Islands,34.68,2017
Suriname,82.8,2017
Togo,72.64,2017
Iceland,52.06,2017
Lesotho,60.08,2017
Botswana,70.89,2017
Congo,64.96,2017
Bhutan,78.9,2017
Barbados,77.37,2017
Tajikistan,81.29,2017
Belize,82.53,2017
eSwatini,76.75,2017
Aruba,60.88,2017
Burundi,41.62,2017
Guadeloupe,76.42,2017
Liberia,79.84,2017
Timor-Leste,85.35,2017
Martinique,80.65,2017
Cuba,90.38,2017
Guam,49.48,2017
Cape Verde,80.73,2017
Gambia,71.22,2017
Chad,52.8,2017
Sierra Leone,50.22,2017
Grenada,82.54,2017
Antigua and Barbuda,76.87,2017
Jersey,33.61,2017
Isle of Man,40.64,2017
Seychelles,72.2,2017
Turkmenistan,85.77,2017
Andorra,59.3,2017
French Polynesia,71.26,2017
Saint Lucia,81.79,2017
Saint Vincent and the Grenadines,84.69,2017
Bermuda,49.23,2017
French Guiana,83.51,2017
Djibouti,81.2,2017
Gibraltar,39.66,2017
New Caledonia,68.39,2017
Eq. Guinea,80.92,2017
Cayman Islands,51.4,2017
Solomon Islands,59.43,2017
Dominica,84.36,2017
Guernsey,32.84,2017
Saint Kitts and Nevis,70.44,2017
Liechtenstein,40.28,2017
Northern Mariana Islands,74.72,2017
Samoa,25.22,2017
Greenland,55.13,2017
Comoros,88.84,2017
Vanuatu,84.42,2017
Mayotte,83.51,2017
British Virgin Islands,63.51,2017
Central African Rep.,72.53,2017
Turks and Caicos Islands,51.48,2017
Monaco,33.05,2017
Guinea-Bissau,68.81,2017
Anguilla,71.68,2017
American Samoa,79.25,2017
Sao Tome and Principe,87.11,2017
Cook Islands,70.55,2017
Palau,83.71,2017
Tonga,79.39,2017
Micronesia,79.2,2017
San Marino,61.74,2017
Eritrea,81.03,2017
Saint Martin,51.06,2017
Marshall Islands,70.14,2017
Kiribati,90.68,2017
Nauru,88.73,2017
Wallis and Futuna,90.35,2017
Montserrat,81.02,2017
Saint Pierre and Miquelon,44.48,2017
Falkland Is.,49.46,2017
Holy See (Vatican City State),47.2,2017
Niue,77.02,2017
North Korea,60.53,2017
Tuvalu,82.22,2017
Norfolk Island,55.1,2017
Svalbard & Jan Mayen Islands,43.6,2017
Christmas Island,58.55,2017
Tokelau,69.39,2017
Saint Barthelemy,4.81,2017
Pitcairn Islands,73.73,2017
Saint Helena,65.06,2017
India,57.28,2015
United States of America,44.87,2015
Turkey,78.21,2015
Poland,87.56,2015
Brazil,80.34,2015
Indonesia,63.6,2015
United Kingdom,39.81,2015
Mexico,75.67,2015
Thailand,71.25,2015
Pakistan,52.1,2015
China,74.73,2015
Spain,77.95,2015
Malaysia,81.83,2015
Germany,68.56,2015
South Korea,82.22,2015
Taiwan,83.39,2015
Italy,64.03,2015
Canada,41.14,2015
Argentina,78.56,2015
Japan,33.32,2015
Saudi Arabia,66.17,2015
Australia,39.01,2015
Philippines,72.02,2015
Netherlands,55.54,2015
France,56.33,2015
Singapore,62.26,2015
United Arab Emirates,66.23,2015
Romania,68.9,2015
Bangladesh,49.28,2015
South Africa,46.33,2015
Egypt,78.86,2015
Iraq,75.26,2015
Colombia,80.47,2015
Serbia,76.39,2015
Iran,83.29,2015
Sweden,45.09,2015
Sri Lanka,61.17,2015
Chile,78.32,2015
Greece,74.14,2015
Nigeria,38.38,2015
Russia,66.63,2015
Hong Kong,71.04,2015
Vietnam,43.85,2015
Kenya,53.06,2015
Guatemala,79.05,2015
Switzerland,40.43,2015
Oman,73.38,2015
Kuwait,62.79,2015
Qatar,72.66,2015
Morocco,69.27,2015
Ireland,54.18,2015
Hungary,72.88,2015
Finland,48.22,2015
Venezuela,73.05,2015
Peru,74.42,2015
Belgium,51.04,2015
Bolivia,84.14,2015
Austria,66.13,2015
Bulgaria,80.85,2015
Israel,49.5,2015
Denmark,35.61,2015
Myanmar,92.83,2015
Norway,46.07,2015
Albania,55.73,2015
Paraguay,74.82,2015
Tanzania,49.79,2015
Portugal,69.91,2015
New Zealand,52.8,2015
El Salvador,80.03,2015
Dominican Rep.,73.77,2015
Croatia,73.54,2015
Azerbaijan,70.54,2015
Jordan,77.95,2015
Nepal,62.06,2015
Bahrain,77.38,2015
Algeria,70.84,2015
Bosnia and Herzegovina,83.06,2015
Ecuador,65.91,2015
Costa Rica,71.94,2015
Yemen,71.2,2015
Puerto Rico,69.09,2015
Lebanon,73.16,2015
Sudan,51.2,2015
Tunisia,64.76,2015
Ghana,62.78,2015
Panama,86.13,2015
Czechia,72.07,2015
Ukraine,63.3,2015
Palestine,82.8,2015
Kazakhstan,68.01,2015
Macedonia,77.42,2015
Cambodia,49.72,2015
Montenegro,74.51,2015
Syria,73.21,2015
Honduras,80.57,2015
Zimbabwe,54.49,2015
Mozambique,47.61,2015
Brunei Darussalam,74.27,2015
Slovakia,75.44,2015
Libya,69.29,2015
Uruguay,66.81,2015
Slovenia,77.15,2015
Jamaica,78.48,2015
Ethiopia,38.6,2015
Cyprus,74.08,2015
Nicaragua,67.45,2015
Dem. Rep. Congo,55.98,2015
Uganda,41.74,2015
Trinidad and Tobago,75.21,2015
Lithuania,74.22,2015
Belarus,76.31,2015
Côte d'Ivoire,62.04,2015
Mauritius,70.04,2015
Angola,74.9,2015
Senegal,66.31,2015
Reunion,75.09,2015
Papua New Guinea,61.42,2015
Maldives,71.7,2015
Mongolia,67.99,2015
Laos,58.17,2015
Georgia,63.72,2015
Namibia,58.07,2015
Zambia,39.45,2015
Latvia,69.26,2015
Estonia,71.39,2015
Mali,52.01,2015
Malta,68.65,2015
Afghanistan,61.66,2015
Macao,52.9,2015
Bahamas,68.46,2015
Haiti,68.01,2015
Luxembourg,47.81,2015
Uzbekistan,39.13,2015
Cameroon,50.04,2015
Moldova,69.03,2015
Suriname,76.35,2015
Martinique,83.8,2015
Niger,70.24,2015
Malawi,26.75,2015
Faroe Islands,31.82,2015
Gabon,56.8,2015
Burkina Faso,58.2,2015
Barbados,70.84,2015
Fiji,73.15,2015
Rwanda,37.71,2015
Guinea,44.8,2015
Benin,56.49,2015
Iceland,49.65,2015
Madagascar,48.87,2015
Armenia,58.41,2015
Somalia,72.86,2015
Guadeloupe,73.46,2015
Aruba,57.74,2015
Djibouti,53.93,2015
Botswana,33.93,2015
Kyrgyz Republic,61.17,2015
Guam,53.11,2015
Tajikistan,53.34,2015
Guyana,67.42,2015
Turkmenistan,68.34,2015
Liberia,65.54,2015
Grenada,77.2,2015
French Guiana,82.81,2015
Saint Lucia,70.3,2015
Antigua and Barbuda,72.83,2015
Lesotho,25.76,2015
Mauritania,54.64,2015
Bhutan,47.73,2015
Sierra Leone,31.62,2015
Bermuda,50.56,2015
Belize,65.1,2015
Isle of Man,30.47,2015
Togo,47.09,2015
Jersey,30.78,2015
eSwatini,42.67,2015
Andorra,62.77,2015
French Polynesia,59.92,2015
Gambia,58.93,2015
Seychelles,63.14,2015
Burundi,45.79,2015
Cayman Islands,50.73,2015
Greenland,61.65,2015
Cape Verde,65.74,2015
Chad,50.64,2015
New Caledonia,61.13,2015
Congo,73.19,2015
Mayotte,83.15,2015
Gibraltar,43.26,2015
Dominica,54.61,2015
Guernsey,32.95,2015
Northern Mariana Islands,71.75,2015
Saint Vincent and the Grenadines,73.36,2015
Eq. Guinea,70.86,2015
Saint Kitts and Nevis,69.4,2015
Monaco,30.35,2015
Turks and Caicos Islands,57.73,2015
Liechtenstein,49.17,2015
Central African Rep.,72.94,2015
British Virgin Islands,59.35,2015
Vanuatu,71.93,2015
San Marino,59.62,2015
Cuba,59.35,2015
Anguilla,64.01,2015
Solomon Islands,35.62,2015
Sao Tome and Principe,75.92,2015
Saint Martin,54.47,2015
Marshall Islands,60.73,2015
American Samoa,61.72,2015
Cook Islands,65.27,2015
Tonga,59.39,2015
Comoros,66.59,2015
Guinea-Bissau,42.22,2015
Micronesia,49.45,2015
Timor-Leste,49.57,2015
Montserrat,83.42,2015
Samoa,69.18,2015
Palau,62.12,2015
Holy See (Vatican City State),64.59,2015
Saint Pierre and Miquelon,53.02,2015
Falkland Is.,42.6,2015
Kiribati,50.76,2015
Eritrea,76.56,2015
Niue,82.12,2015
North Korea,69.16,2015
Wallis and Futuna,66.67,2015
Tuvalu,21.62,2015
Nauru,91.41,2015
Saint Helena,56.4,2015
Norfolk Island,100,2015
Pitcairn Islands,0,2015
Tokelau,50,2015
United States of America,39.48,2013
India,17.03,2013
South Korea,90.96,2013
Turkey,56.91,2013
United Kingdom,31,2013
Canada,24.72,2013
Indonesia,22.17,2013
Spain,67.18,2013
China,72.26,2013
Malaysia,61.64,2013
Australia,29.25,2013
Thailand,45.8,2013
Germany,57.07,2013
Mexico,47.22,2013
Brazil,48.15,2013
Taiwan,75.53,2013
Saudi Arabia,45.43,2013
Netherlands,50.49,2013
Italy,46.77,2013
Singapore,44.48,2013
France,43.48,2013
Vietnam,17.42,2013
Argentina,62.98,2013
Japan,45.68,2013
Pakistan,19.79,2013
Sweden,35.68,2013
Poland,57.34,2013
Philippines,40.81,2013
Nigeria,6.33,2013
Serbia,54.66,2013
Hong Kong,64.06,2013
South Africa,14.81,2013
Switzerland,32.24,2013
Chile,63.38,2013
United Arab Emirates,28.59,2013
Ireland,39.29,2013
Bangladesh,10.43,2013
Denmark,31.47,2013
Greece,54.54,2013
Norway,42.18,2013
Israel,46.33,2013
Austria,59.66,2013
Russia,41.16,2013
Finland,31.26,2013
Hungary,62.95,2013
Iraq,52.81,2013
Romania,50.13,2013
Belgium,35.87,2013
Myanmar,89.3,2013
Kuwait,38.11,2013
New Zealand,39.63,2013
Sudan,10.57,2013
Iran,29.46,2013
Egypt,27.47,2013
Colombia,41.5,2013
Puerto Rico,58.46,2013
Croatia,58.1,2013
Morocco,41.18,2013
Oman,41.47,2013
Sri Lanka,19,2013
Costa Rica,40.52,2013
Lebanon,55.21,2013
Peru,56.42,2013
Bahrain,53.62,2013
Venezuela,40.47,2013
Kenya,30.31,2013
Bulgaria,60.16,2013
Portugal,51.95,2013
Qatar,35.17,2013
Czechia,62.36,2013
Guatemala,36.23,2013
Ecuador,39.27,2013
Jordan,36.35,2013
Brunei Darussalam,53.12,2013
Panama,72.36,2013
Slovakia,68.67,2013
Paraguay,41.57,2013
Ukraine,33.72,2013
Bosnia and Herzegovina,61.73,2013
Zimbabwe,10.83,2013
Ethiopia,7.75,2013
Yemen,36.66,2013
Algeria,41.19,2013
Albania,30.05,2013
Slovenia,70.17,2013
Bolivia,53.58,2013
Nepal,22.39,2013
Azerbaijan,31.9,2013
Syria,36.74,2013
Macedonia,56.04,2013
Ghana,24.26,2013
Tunisia,26.39,2013
Dominican Rep.,35.81,2013
Belarus,52.41,2013
Laos,12.87,2013
Libya ,25.9,2013
Cambodia ,32.51,2013
Montenegro ,47.42,2013
Tanzania ,18.42,2013
Lithuania ,55.43,2013
Chad ,1.02,2013
Kazakhstan ,33.21,2013
Mongolia ,72.53,2013
Zambia ,16.1,2013
Cyprus ,53.15,2013
El Salvador ,32.98,2013
Trinidad and Tobago ,52.54,2013
Macao ,58.56,2013
Luxembourg ,34.06,2013
Honduras ,32.79,2013
Uganda ,19.59,2013
Estonia ,66.27,2013
Palestine,43.37,2013
Latvia,56.15,2013
Uruguay,45.31,2013
Faroe Islands,39.95,2013
Uzbekistan,17.76,2013
Mozambique,11.12,2013
Mauritius,30.15,2013
Angola,29.81,2013
Malta,54.95,2013
Nicaragua,25.94,2013
Jamaica,36.43,2013
Reunion,57.79,2013
Malawi,9.35,2013
Papua New Guinea,18.54,2013
Afghanistan,19.38,2013
Guam,43.54,2013
Maldives,38.79,2013
Bahamas,46.81,2013
Somalia,3.53,2013
Iceland,40.84,2013
Moldova,44.28,2013
Senegal,36.06,2013
Georgia,30.12,2013
Martinique,68.3,2013
Guadeloupe,62.74,2013
Côte d'Ivoire,24.88,2013
Botswana,15.26,2013
Turkmenistan,42.24,2013
Guernsey,28.93,2013
Fiji,30.52,2013
Isle of Man,29.61,2013
Namibia,27.65,2013
Suriname,40.38,2013
Jersey,27.31,2013
Tajikistan,20.27,2013
Bermuda,43.49,2013
Aruba,45.56,2013
Mauritania,11.47,2013
Barbados,44.35,2013
Kyrgyz Republic,26.88,2013
Netherlands Antilles,38.13,2013
Mali,19.02,2013
Armenia,28.23,2013
Sierra Leone,9.08,2013
Cameroon,20.27,2013
French Guiana,66.05,2013
Dem. Rep. Congo,23.31,2013
Northern Mariana Islands,78.67,2013
Belize,42.37,2013
Djibouti,12.85,2013
Andorra,53.48,2013
Cayman Islands,22.3,2013
Liberia,14.92,2013
Haiti,25.65,2013
Bhutan,13.03,2013
Timor-Leste,9.87,2013
Rwanda,29.02,2013
Lesotho,8.66,2013
Madagascar,23.78,2013
eSwatini,14.05,2013
Benin,20.7,2013
New Caledonia,52.37,2013
French Polynesia,32.58,2013
Gibraltar,33.06,2013
Gabon,23.05,2013
Antigua and Barbuda,45.88,2013
Niger,14.07,2013
Gambia,28.03,2013
Guyana,37.33,2013
Seychelles,27.16,2013
Liechtenstein,31.75,2013
Burkina Faso,18.12,2013
Eq. Guinea,18.71,2013
Saint Lucia,36.3,2013
Monaco,19.67,2013
Saint Kitts and Nevis,41.03,2013
Greenland,42.11,2013
Solomon Islands,14.33,2013
Congo,35.28,2013
Mayotte,56,2013
British Virgin Islands,41.76,2013
Turks and Caicos Islands,42.62,2013
Saint Vincent and the Grenadines,36.97,2013
Grenada,35.7,2013
Comoros,7.68,2013
Cape Verde,40.59,2013
Togo,27.96,2013
Dominica,42.63,2013
San Marino,39.35,2013
Burundi,38.76,2013
Samoa,19.92,2013
Guinea,30.32,2013
American Samoa,41.38,2013
Vanuatu,29.38,2013
Anguilla,19.21,2013
Saint Martin,25.14,2013
Cuba,40.04,2013
Micronesia,25.07,2013
Saint Pierre and Miquelon,24.11,2013
Cook Islands,50.74,2013
Marshall Islands,23.91,2013
Central African Rep.,37.74,2013
Palau,47.31,2013
Montserrat,47.78,2013
Tonga,33.31,2013
Sao Tome and Principe,45.33,2013
Falkland Is.,35.88,2013
Holy See (Vatican City State),67.84,2013
Eritrea,35.83,2013
North Korea,21.16,2013
Kiribati,63.55,2013
Wallis and Futuna,36.21,2013
Saint Helena,5.48,2013
Tuvalu,25,2013
Guinea-Bissau,80,2013
Niue,28.57,2013
Tokelau,0,2013
Nauru,60,2013